RATE_ID,MMKT_FIELD_ID,DATA_TYPE,DATA_ID,FIELD_ID,USE_FLAG,SCALE_FACTOR,INVALID_VALUES
CNHUSD3F3L6M,MID,IR,CRST25USDCNH06M,MID종가,Y,0.01,
CNHUSD3F3L9M,MID,IR,CRST25USDCNH09M,MID종가,Y,0.01,
CNHUSD3F3L1Y,MID,IR,CRST25USDCNH01Y,MID종가,Y,0.01,
CNHUSD3F3L2Y,MID,IR,CRST25USDCNH02Y,MID종가,Y,0.01,
CNHUSD3F3L3Y,MID,IR,CRST25USDCNH03Y,MID종가,Y,0.01,
CNHUSD3F3L4Y,MID,IR,CRST25USDCNH04Y,MID종가,Y,0.01,
CNHUSD3F3L5Y,MID,IR,CRST25USDCNH05Y,MID종가,Y,0.01,
CNHUSD3F3L7Y,MID,IR,CRST25USDCNH07Y,MID종가,Y,0.01,
CNHUSD3F3L10Y,MID,IR,CRST25USDCNH10Y,MID종가,Y,0.01,
USDEUR3L3L1Y,MID,IR,BASTP1EURUSD01Y,MID종가,Y,0.0001,
USDEUR3L3L2Y,MID,IR,BASTP1EURUSD02Y,MID종가,Y,0.0001,
USDEUR3L3L3Y,MID,IR,BASTP1EURUSD03Y,MID종가,Y,0.0001,
USDEUR3L3L4Y,MID,IR,BASTP1EURUSD04Y,MID종가,Y,0.0001,
USDEUR3L3L5Y,MID,IR,BASTP1EURUSD05Y,MID종가,Y,0.0001,
USDEUR3L3L6Y,MID,IR,BASTP1EURUSD06Y,MID종가,Y,0.0001,
USDEUR3L3L7Y,MID,IR,BASTP1EURUSD07Y,MID종가,Y,0.0001,
USDEUR3L3L8Y,MID,IR,BASTP1EURUSD08Y,MID종가,Y,0.0001,
USDEUR3L3L9Y,MID,IR,BASTP1EURUSD09Y,MID종가,Y,0.0001,
USDEUR3L3L10Y,MID,IR,BASTP1EURUSD10Y,MID종가,Y,0.0001,
USDEUR3L3L11Y,MID,IR,BASTP1EURUSD11Y,MID종가,Y,0.0001,
USDEUR3L3L12Y,MID,IR,BASTP1EURUSD12Y,MID종가,Y,0.0001,
USDEUR3L3L13Y,MID,IR,BASTP1EURUSD13Y,MID종가,Y,0.0001,
USDEUR3L3L14Y,MID,IR,BASTP1EURUSD14Y,MID종가,Y,0.0001,
USDEUR3L3L15Y,MID,IR,BASTP1EURUSD15Y,MID종가,Y,0.0001,
USDEUR3L3L20Y,MID,IR,BASTP1EURUSD20Y,MID종가,Y,0.0001,
USDEUR3L3L25Y,MID,IR,BASTP1EURUSD25Y,MID종가,Y,0.0001,
USDEUR3L3L30Y,MID,IR,BASTP1EURUSD30Y,MID종가,Y,0.0001,
USDEUR3L3L40Y,MID,IR,BASTP1EURUSD40Y,MID종가,Y,0.0001,
USDEUR3L3L50Y,MID,IR,BASTP1EURUSD50Y,MID종가,Y,0.0001,
GBPLIBOR1M,MID,IR,IBRGBPBFRS  01M,금리,Y,0.01,
GBPLIBOR3M,MID,IR,IBRGBPBFRS  03M,금리,Y,0.01,
GBPLIBOR6M,MID,IR,IBRGBPBFRS  06M,금리,Y,0.01,
GBPLIBOR12M,MID,IR,IBRGBPBFRS  12M,금리,Y,0.01,
KRWUSD6F6L1Y,MID,IR,CRSTP1KRW01Y,MID종가,Y,0.01,
KRWUSD6F6L18M,MID,IR,CRSTP1KRW18M,MID종가,Y,0.01,
KRWUSD6F6L2Y,MID,IR,CRSTP1KRW02Y,MID종가,Y,0.01,
KRWUSD6F6L3Y,MID,IR,CRSTP1KRW03Y,MID종가,Y,0.01,
KRWUSD6F6L4Y,MID,IR,CRSTP1KRW04Y,MID종가,Y,0.01,
KRWUSD6F6L5Y,MID,IR,CRSTP1KRW05Y,MID종가,Y,0.01,
KRWUSD6F6L6Y,MID,IR,CRSTP1KRW06Y,MID종가,Y,0.01,
KRWUSD6F6L7Y,MID,IR,CRSTP1KRW07Y,MID종가,Y,0.01,
KRWUSD6F6L8Y,MID,IR,CRSTP1KRW08Y,MID종가,Y,0.01,
KRWUSD6F6L9Y,MID,IR,CRSTP1KRW09Y,MID종가,Y,0.01,
KRWUSD6F6L10Y,MID,IR,CRSTP1KRW10Y,MID종가,Y,0.01,
KRWUSD6F6L12Y,MID,IR,CRSTP1KRW12Y,MID종가,Y,0.01,
KRWUSD6F6L15Y,MID,IR,CRSTP1KRW15Y,MID종가,Y,0.01,
KRWUSD6F6L20Y,MID,IR,CRSTP1KRW20Y,MID종가,Y,0.01,
KRWUSD6F6L25Y,MID,IR,CRSTP1KRW25Y,MID종가,Y,0.01,
KRWUSD6F6L30Y,MID,IR,CRSTP1KRW30Y,MID종가,Y,0.01,
USDS3L1Y,MID,IR,IRSTF2USD01Y,MID종가,Y,0.01,
USDS3L18M,MID,IR,IRSTF2USD18M,MID종가,Y,0.01,
USDS3L2Y,MID,IR,IRSTF2USD02Y,MID종가,Y,0.01,
USDS3L3Y,MID,IR,IRSTF2USD03Y,MID종가,Y,0.01,
USDS3L4Y,MID,IR,IRSTF2USD04Y,MID종가,Y,0.01,
USDS3L5Y,MID,IR,IRSTF2USD05Y,MID종가,Y,0.01,
USDS3L6Y,MID,IR,IRSTF2USD06Y,MID종가,Y,0.01,
USDS3L7Y,MID,IR,IRSTF2USD07Y,MID종가,Y,0.01,
USDS3L8Y,MID,IR,IRSTF2USD08Y,MID종가,Y,0.01,
USDS3L9Y,MID,IR,IRSTF2USD09Y,MID종가,Y,0.01,
USDS3L10Y,MID,IR,IRSTF2USD10Y,MID종가,Y,0.01,
USDS3L11Y,MID,IR,IRSTF2USD11Y,MID종가,Y,0.01,
USDS3L12Y,MID,IR,IRSTF2USD12Y,MID종가,Y,0.01,
USDS3L15Y,MID,IR,IRSTF2USD15Y,MID종가,Y,0.01,
USDS3L20Y,MID,IR,IRSTF2USD20Y,MID종가,Y,0.01,
USDS3L25Y,MID,IR,IRSTF2USD25Y,MID종가,Y,0.01,
USDS3L30Y,MID,IR,IRSTF2USD30Y,MID종가,Y,0.01,
USDS3L40Y,MID,IR,IRSTF2USD40Y,MID종가,Y,0.01,
USDS3L50Y,MID,IR,IRSTF2USD50Y,MID종가,Y,0.01,
KRWXUSDON,MID,FX,USDON_SMBCC,중간값,Y,0.01,
KRWXUSDTN,MID,FX,USDTN_SMBCC,중간값,Y,0.01,
KRWXUSD1W,MID,FX,USD1W_SMBCC,중간값,Y,0.01,
KRWXUSD1M,MID,FX,USD1M_SMBCC,중간값,Y,0.01,
KRWXUSD2M,MID,FX,USD2M_SMBCC,중간값,Y,0.01,
KRWXUSD3M,MID,FX,USD3M_SMBCC,중간값,Y,0.01,
KRWXUSD6M,MID,FX,USD6M_SMBCC,중간값,Y,0.01,
KRWXUSD12M,MID,FX,USD1Y_SMBCC,중간값,Y,0.01,
KRWEUR,MID,FX,EURKRW,NY_MID_Close,Y,1,
USDEUR,MID,FX,EURUSD,NY_MID_Close,Y,1,
USDGBP,MID,FX,GBPUSD,NY_MID_Close,Y,1,
KRWJPY,MID,FX,JPYKRW,NY_MID_Close,Y,1,
SARUSD,MID,FX,USDSAR,NY_MID_Close,Y,1,
VNDUSD,MID,FX,USDVND,NY_MID_Close,Y,1,
ZARUSD,MID,FX,USDZAR,NY_MID_Close,Y,1,
ARSUSD,MID,FX,USDARS,NY_MID_Close,Y,1,
CHFUSD,MID,FX,USDCHF,NY_MID_Close,Y,1,
TRYUSD,MID,FX,USDTRY,NY_MID_Close,Y,1,
IDRUSD,MID,FX,USDIDR,NY_MID_Close,Y,1,
BRLUSD,MID,FX,USDBRL,NY_MID_Close,Y,1,
ILSUSD,MID,FX,USDILS,NY_MID_Close,Y,1,
SGDUSD,MID,FX,USDSGD,NY_MID_Close,Y,1,
CADUSD,MID,FX,USDCAD,NY_MID_Close,Y,1,
KRWUSD,MID,FX,USDSP_SMBCC,현재가,Y,1,0
MYRUSD,MID,FX,USDMYR,NY_MID_Close,Y,1,
PHPUSD,MID,FX,USDPHP,NY_MID_Close,Y,1,
RUBUSD,MID,FX,USDRUB,NY_MID_Close,Y,1,
THBUSD,MID,FX,USDTHB,NY_MID_Close,Y,1,
HKDUSD,MID,FX,USDHKD,NY_MID_Close,Y,1,
INRUSD,MID,FX,USDINR,NY_MID_Close,Y,1,
JPYUSD,MID,FX,USDJPY,NY_MID_Close,Y,1,
MXNUSD,MID,FX,USDMXN,NY_MID_Close,Y,1,
CNHUSD,MID,FX,USDCNH,NY_MID_Close,Y,1,
CNYUSD,MID,FX,USDCNY,NY_MID_Close,Y,1,
USDAUD,MID,FX,AUDUSD,NY_MID_Close,Y,1,
USDLIBORON,MID,IR,IBRUSDBFRS  ON,금리,Y,0.01,
USDLIBOR1W,MID,IR,IBRUSDBFRS  01W,금리,Y,0.01,
USDLIBOR1M,MID,IR,IBRUSDBFRS  01M,금리,Y,0.01,
USDLIBOR2M,MID,IR,IBRUSDBFRS  02M,금리,Y,0.01,
USDLIBOR3M,MID,IR,IBRUSDBFRS  03M,금리,Y,0.01,
USDLIBOR6M,MID,IR,IBRUSDBFRS  06M,금리,Y,0.01,
USDLIBOR12M,MID,IR,IBRUSDBFRS  12M,금리,Y,0.01,
JPYLIBORSN,MID,IR,IBRJPYBFRS  SN,금리,Y,0.01,
JPYLIBOR1W,MID,IR,IBRJPYBFRS  01W,금리,Y,0.01,
JPYLIBOR1M,MID,IR,IBRJPYBFRS  01M,금리,Y,0.01,
JPYLIBOR2M,MID,IR,IBRJPYBFRS  02M,금리,Y,0.01,
JPYLIBOR3M,MID,IR,IBRJPYBFRS  03M,금리,Y,0.01,
JPYLIBOR6M,MID,IR,IBRJPYBFRS  06M,금리,Y,0.01,
JPYLIBOR12M,MID,IR,IBRJPYBFRS  12M,금리,Y,0.01,
EURLIBOR1W,MID,IR,IBREULBFRS  01W,금리,Y,0.01,
EURLIBOR1M,MID,IR,IBREULBFRS  01M,금리,Y,0.01,
EURLIBOR3M,MID,IR,IBREULBFRS  03M,금리,Y,0.01,
EURLIBOR6M,MID,IR,IBREULBFRS  06M,금리,Y,0.01,
EURLIBOR12M,MID,IR,IBREULBFRS  12M,금리,Y,0.01,
CNHHIBORON,MID,IR,IBRCNHBFRS  ON,금리,Y,0.01,
CNHHIBOR1W,MID,IR,IBRCNHBFRS  01W,금리,Y,0.01,
CNHHIBOR2W,MID,IR,IBRCNHBFRS  02W,금리,Y,0.01,
CNHHIBOR1M,MID,IR,IBRCNHBFRS  01M,금리,Y,0.01,
CNHHIBOR2M,MID,IR,IBRCNHBFRS  02M,금리,Y,0.01,
CNHHIBOR3M,MID,IR,IBRCNHBFRS  03M,금리,Y,0.01,
CNHHIBOR6M,MID,IR,IBRCNHBFRS  06M,금리,Y,0.01,
CNHHIBOR12M,MID,IR,IBRCNHBFRS  12M,금리,Y,0.01,
JPYS6L1Y,MID,IR,IRSTF4JPY01Y,MID종가,Y,0.01,
JPYS6L18M,MID,IR,IRSTF4JPY18M,MID종가,Y,0.01,
JPYS6L2Y,MID,IR,IRSTF4JPY02Y,MID종가,Y,0.01,
JPYS6L3Y,MID,IR,IRSTF4JPY03Y,MID종가,Y,0.01,
JPYS6L4Y,MID,IR,IRSTF4JPY04Y,MID종가,Y,0.01,
JPYS6L5Y,MID,IR,IRSTF4JPY05Y,MID종가,Y,0.01,
JPYS6L6Y,MID,IR,IRSTF4JPY06Y,MID종가,Y,0.01,
JPYS6L7Y,MID,IR,IRSTF4JPY07Y,MID종가,Y,0.01,
JPYS6L8Y,MID,IR,IRSTF4JPY08Y,MID종가,Y,0.01,
JPYS6L9Y,MID,IR,IRSTF4JPY09Y,MID종가,Y,0.01,
JPYS6L10Y,MID,IR,IRSTF4JPY10Y,MID종가,Y,0.01,
JPYS6L11Y,MID,IR,IRSTF4JPY11Y,MID종가,Y,0.01,
JPYS6L12Y,MID,IR,IRSTF4JPY12Y,MID종가,Y,0.01,
JPYS6L13Y,MID,IR,IRSTF4JPY13Y,MID종가,Y,0.01,
JPYS6L14Y,MID,IR,IRSTF4JPY14Y,MID종가,Y,0.01,
JPYS6L15Y,MID,IR,IRSTF4JPY15Y,MID종가,Y,0.01,
JPYS6L20Y,MID,IR,IRSTF4JPY20Y,MID종가,Y,0.01,
JPYS6L25Y,MID,IR,IRSTF4JPY25Y,MID종가,Y,0.01,
JPYS6L30Y,MID,IR,IRSTF4JPY30Y,MID종가,Y,0.01,
JPYS6L40Y,MID,IR,IRSTF4JPY40Y,MID종가,Y,0.01,
EURA6E1Y,MID,IR,IRST02EUR01Y,MID종가,Y,0.01,
EURA6E18M,MID,IR,IRST02EUR18M,MID종가,Y,0.01,
EURA6E2Y,MID,IR,IRST02EUR02Y,MID종가,Y,0.01,
EURA6E3Y,MID,IR,IRST02EUR03Y,MID종가,Y,0.01,
EURA6E4Y,MID,IR,IRST02EUR04Y,MID종가,Y,0.01,
EURA6E5Y,MID,IR,IRST02EUR05Y,MID종가,Y,0.01,
EURA6E6Y,MID,IR,IRST02EUR06Y,MID종가,Y,0.01,
EURA6E7Y,MID,IR,IRST02EUR07Y,MID종가,Y,0.01,
EURA6E8Y,MID,IR,IRST02EUR08Y,MID종가,Y,0.01,
EURA6E9Y,MID,IR,IRST02EUR09Y,MID종가,Y,0.01,
EURA6E10Y,MID,IR,IRST02EUR10Y,MID종가,Y,0.01,
EURA6E11Y,MID,IR,IRST02EUR11Y,MID종가,Y,0.01,
EURA6E12Y,MID,IR,IRST02EUR12Y,MID종가,Y,0.01,
EURA6E13Y,MID,IR,IRST02EUR13Y,MID종가,Y,0.01,
EURA6E14Y,MID,IR,IRST02EUR14Y,MID종가,Y,0.01,
EURA6E15Y,MID,IR,IRST02EUR15Y,MID종가,Y,0.01,
EURA6E16Y,MID,IR,IRST02EUR16Y,MID종가,Y,0.01,
EURA6E17Y,MID,IR,IRST02EUR17Y,MID종가,Y,0.01,
EURA6E18Y,MID,IR,IRST02EUR18Y,MID종가,Y,0.01,
EURA6E19Y,MID,IR,IRST02EUR19Y,MID종가,Y,0.01,
EURA6E20Y,MID,IR,IRST02EUR20Y,MID종가,Y,0.01,
EURA6E21Y,MID,IR,IRST02EUR21Y,MID종가,Y,0.01,
EURA6E23Y,MID,IR,IRST02EUR23Y,MID종가,Y,0.01,
EURA6E24Y,MID,IR,IRST02EUR24Y,MID종가,Y,0.01,
EURA6E25Y,MID,IR,IRST02EUR25Y,MID종가,Y,0.01,
EURA6E26Y,MID,IR,IRST02EUR26Y,MID종가,Y,0.01,
EURA6E27Y,MID,IR,IRST02EUR27Y,MID종가,Y,0.01,
EURA6E28Y,MID,IR,IRST02EUR28Y,MID종가,Y,0.01,
EURA6E29Y,MID,IR,IRST02EUR29Y,MID종가,Y,0.01,
EURA6E30Y,MID,IR,IRST02EUR30Y,MID종가,Y,0.01,
EURA6E40Y,MID,IR,IRST02EUR40Y,MID종가,Y,0.01,
EURA6E50Y,MID,IR,IRST02EUR50Y,MID종가,Y,0.01,
USD3L6L6M,MID,IR,TBAT45USDUSD06M,MID종가,Y,0.0001,
USD3L6L1Y,MID,IR,TBAT45USDUSD01Y,MID종가,Y,0.0001,
USD3L6L18M,MID,IR,TBAT45USDUSD18M,MID종가,Y,0.0001,
USDXEURON,MID,FX,EURUSDON,"AVG(S_BID_Close,S_ASK_Close)",Y,0.0001,
USDXEURTN,MID,FX,EURUSDTN,"AVG(S_BID_Close,S_ASK_Close)",Y,0.0001,
USDXEURSN,MID,FX,EURUSDSN,"AVG(S_BID_Close,S_ASK_Close)",Y,0.0001,
USDXEUR1W,MID,FX,EURUSD01W,"AVG(S_BID_Close,S_ASK_Close)",Y,0.0001,
USDXEUR2W,MID,FX,EURUSD02W,"AVG(S_BID_Close,S_ASK_Close)",Y,0.0001,
USDXEUR3W,MID,FX,EURUSD03W,"AVG(S_BID_Close,S_ASK_Close)",Y,0.0001,
USDXEUR1M,MID,FX,EURUSD01M,"AVG(S_BID_Close,S_ASK_Close)",Y,0.0001,
USDXEUR2M,MID,FX,EURUSD02M,"AVG(S_BID_Close,S_ASK_Close)",Y,0.0001,
USDXEUR3M,MID,FX,EURUSD03M,"AVG(S_BID_Close,S_ASK_Close)",Y,0.0001,
USDXEUR4M,MID,FX,EURUSD04M,"AVG(S_BID_Close,S_ASK_Close)",Y,0.0001,
USDXEUR5M,MID,FX,EURUSD05M,"AVG(S_BID_Close,S_ASK_Close)",Y,0.0001,
USDXEUR6M,MID,FX,EURUSD06M,"AVG(S_BID_Close,S_ASK_Close)",Y,0.0001,
USDXEUR7M,MID,FX,EURUSD07M,"AVG(S_BID_Close,S_ASK_Close)",Y,0.0001,
USDXEUR8M,MID,FX,EURUSD08M,"AVG(S_BID_Close,S_ASK_Close)",Y,0.0001,
USDXEUR9M,MID,FX,EURUSD09M,"AVG(S_BID_Close,S_ASK_Close)",Y,0.0001,
USDXEUR10M,MID,FX,EURUSD10M,"AVG(S_BID_Close,S_ASK_Close)",Y,0.0001,
USDXEUR11M,MID,FX,EURUSD11M,"AVG(S_BID_Close,S_ASK_Close)",Y,0.0001,
USDXEUR12M,MID,FX,EURUSD12M,"AVG(S_BID_Close,S_ASK_Close)",Y,0.0001,
CNHXUSDON,MID,FX,USDCNHON,"AVG(S_BID_Close,S_ASK_Close)",Y,0.0001,
CNHXUSDTN,MID,FX,USDCNHTN,"AVG(S_BID_Close,S_ASK_Close)",Y,0.0001,
CNHXUSDSN,MID,FX,USDCNHSN,"AVG(S_BID_Close,S_ASK_Close)",Y,0.0001,
CNHXUSD1W,MID,FX,USDCNH01W,"AVG(S_BID_Close,S_ASK_Close)",Y,0.0001,
CNHXUSD2W,MID,FX,USDCNH02W,"AVG(S_BID_Close,S_ASK_Close)",Y,0.0001,
CNHXUSD3W,MID,FX,USDCNH03W,"AVG(S_BID_Close,S_ASK_Close)",Y,0.0001,
CNHXUSD1M,MID,FX,USDCNH01M,"AVG(S_BID_Close,S_ASK_Close)",Y,0.0001,
CNHXUSD2M,MID,FX,USDCNH02M,"AVG(S_BID_Close,S_ASK_Close)",Y,0.0001,
CNHXUSD3M,MID,FX,USDCNH03M,"AVG(S_BID_Close,S_ASK_Close)",Y,0.0001,
CNHXUSD4M,MID,FX,USDCNH04M,"AVG(S_BID_Close,S_ASK_Close)",Y,0.0001,
CNHXUSD5M,MID,FX,USDCNH05M,"AVG(S_BID_Close,S_ASK_Close)",Y,0.0001,
CNHXUSD6M,MID,FX,USDCNH06M,"AVG(S_BID_Close,S_ASK_Close)",Y,0.0001,
CNHXUSD7M,MID,FX,USDCNH07M,"AVG(S_BID_Close,S_ASK_Close)",Y,0.0001,
CNHXUSD8M,MID,FX,USDCNH08M,"AVG(S_BID_Close,S_ASK_Close)",Y,0.0001,
CNHXUSD9M,MID,FX,USDCNH09M,"AVG(S_BID_Close,S_ASK_Close)",Y,0.0001,
CNHXUSD10M,MID,FX,USDCNH10M,"AVG(S_BID_Close,S_ASK_Close)",Y,0.0001,
CNHXUSD11M,MID,FX,USDCNH11M,"AVG(S_BID_Close,S_ASK_Close)",Y,0.0001,
CNHXUSD12M,MID,FX,USDCNH12M,"AVG(S_BID_Close,S_ASK_Close)",Y,0.0001,
USDTSY1M,MID,IR,US01M,"AVG(BID_Close,ASK_Close)",Y,0.01,
USDTSY3M,MID,IR,US03M,"AVG(BID_Close,ASK_Close)",Y,0.01,
USDTSY6M,MID,IR,US06M,"AVG(BID_Close,ASK_Close)",Y,0.01,
USDTSY1Y,MID,IR,US01Y,"AVG(BID_Close,ASK_Close)",Y,0.01,
USDTSY2Y,MID,IR,US02Y,"AVG(BID_Close,ASK_Close)",Y,0.01,
USDTSY3Y,MID,IR,US03Y,"AVG(BID_Close,ASK_Close)",Y,0.01,
USDTSY5Y,MID,IR,US05Y,"AVG(BID_Close,ASK_Close)",Y,0.01,
USDTSY7Y,MID,IR,US07Y,"AVG(BID_Close,ASK_Close)",Y,0.01,
USDTSY10Y,MID,IR,US10Y,"AVG(BID_Close,ASK_Close)",Y,0.01,
USDTSY20Y,MID,IR,US20Y,"AVG(BID_Close,ASK_Close)",Y,0.01,
USDTSY30Y,MID,IR,US30Y,"AVG(BID_Close,ASK_Close)",Y,0.01,
BANKAAA3M,MID,IR,BONDKBPE130,3월이하(당일),Y,0.01,
BANKAAA6M,MID,IR,BONDKBPE130,6월이하(당일),Y,0.01,
BANKAAA9M,MID,IR,BONDKBPE130,9월이하(당일),Y,0.01,
BANKAAA1Y,MID,IR,BONDKBPE130,1년이하(당일),Y,0.01,
BANKAAA18M,MID,IR,BONDKBPE130,1.5년이하(당일),Y,0.01,
BANKAAA2Y,MID,IR,BONDKBPE130,2년이하(당일),Y,0.01,
BANKAAA30M,MID,IR,BONDKBPE130,2.5년이하(당일),Y,0.01,
BANKAAA3Y,MID,IR,BONDKBPE130,3년이하(당일),Y,0.01,
BANKAAA4Y,MID,IR,BONDKBPE130,4년이하(당일),Y,0.01,
BANKAAA5Y,MID,IR,BONDKBPE130,5년이하(당일),Y,0.01,
BANKAAA7Y,MID,IR,BONDKBPE130,7년이하(당일),Y,0.01,
BANKAAA10Y,MID,IR,BONDKBPE130,10년이하(당일),Y,0.01,
BANKAAA15Y,MID,IR,BONDKBPE130,15년이하(당일),Y,0.01,
BANKAAA20Y,MID,IR,BONDKBPE130,20년이하(당일),Y,0.01,
CARDAA+3M,MID,IR,BONDKBPE204,3월이하(당일),Y,0.01,
CARDAA+6M,MID,IR,BONDKBPE204,6월이하(당일),Y,0.01,
CARDAA+9M,MID,IR,BONDKBPE204,9월이하(당일),Y,0.01,
CARDAA+1Y,MID,IR,BONDKBPE204,1년이하(당일),Y,0.01,
CARDAA+18M,MID,IR,BONDKBPE204,1.5년이하(당일),Y,0.01,
CARDAA+2Y,MID,IR,BONDKBPE204,2년이하(당일),Y,0.01,
CARDAA+30M,MID,IR,BONDKBPE204,2.5년이하(당일),Y,0.01,
CARDAA+3Y,MID,IR,BONDKBPE204,3년이하(당일),Y,0.01,
CARDAA+4Y,MID,IR,BONDKBPE204,4년이하(당일),Y,0.01,
CARDAA+5Y,MID,IR,BONDKBPE204,5년이하(당일),Y,0.01,
CARDAA+7Y,MID,IR,BONDKBPE204,7년이하(당일),Y,0.01,
CARDAA+10Y,MID,IR,BONDKBPE204,10년이하(당일),Y,0.01,
CARDAA+15Y,MID,IR,BONDKBPE204,15년이하(당일),Y,0.01,
CARDAA+20Y,MID,IR,BONDKBPE204,20년이하(당일),Y,0.01,
CORPAAA3M,MID,IR,BONDKBPF212,3월이하(당일),Y,0.01,
CORPAAA6M,MID,IR,BONDKBPF212,6월이하(당일),Y,0.01,
CORPAAA9M,MID,IR,BONDKBPF212,9월이하(당일),Y,0.01,
CORPAAA1Y,MID,IR,BONDKBPF212,1년이하(당일),Y,0.01,
CORPAAA18M,MID,IR,BONDKBPF212,1.5년이하(당일),Y,0.01,
CORPAAA2Y,MID,IR,BONDKBPF212,2년이하(당일),Y,0.01,
CORPAAA30M,MID,IR,BONDKBPF212,2.5년이하(당일),Y,0.01,
CORPAAA3Y,MID,IR,BONDKBPF212,3년이하(당일),Y,0.01,
CORPAAA4Y,MID,IR,BONDKBPF212,4년이하(당일),Y,0.01,
CORPAAA5Y,MID,IR,BONDKBPF212,5년이하(당일),Y,0.01,
CORPAAA7Y,MID,IR,BONDKBPF212,7년이하(당일),Y,0.01,
CORPAAA10Y,MID,IR,BONDKBPF212,10년이하(당일),Y,0.01,
CORPAAA15Y,MID,IR,BONDKBPF212,15년이하(당일),Y,0.01,
CORPAAA20Y,MID,IR,BONDKBPF212,20년이하(당일),Y,0.01,
CORPAA3M,MID,IR,BONDKBPF222,3월이하(당일),Y,0.01,
CORPAA6M,MID,IR,BONDKBPF222,6월이하(당일),Y,0.01,
CORPAA9M,MID,IR,BONDKBPF222,9월이하(당일),Y,0.01,
CORPAA1Y,MID,IR,BONDKBPF222,1년이하(당일),Y,0.01,
CORPAA18M,MID,IR,BONDKBPF222,1.5년이하(당일),Y,0.01,
CORPAA2Y,MID,IR,BONDKBPF222,2년이하(당일),Y,0.01,
CORPAA30M,MID,IR,BONDKBPF222,2.5년이하(당일),Y,0.01,
CORPAA3Y,MID,IR,BONDKBPF222,3년이하(당일),Y,0.01,
CORPAA4Y,MID,IR,BONDKBPF222,4년이하(당일),Y,0.01,
CORPAA5Y,MID,IR,BONDKBPF222,5년이하(당일),Y,0.01,
CORPAA7Y,MID,IR,BONDKBPF222,7년이하(당일),Y,0.01,
CORPAA10Y,MID,IR,BONDKBPF222,10년이하(당일),Y,0.01,
CORPAA15Y,MID,IR,BONDKBPF222,15년이하(당일),Y,0.01,
CORPAA20Y,MID,IR,BONDKBPF222,20년이하(당일),Y,0.01,
CORPAA-3M,MID,IR,BONDKBPF223,3월이하(당일),Y,0.01,
CORPAA-6M,MID,IR,BONDKBPF223,6월이하(당일),Y,0.01,
CORPAA-9M,MID,IR,BONDKBPF223,9월이하(당일),Y,0.01,
CORPAA-1Y,MID,IR,BONDKBPF223,1년이하(당일),Y,0.01,
CORPAA-18M,MID,IR,BONDKBPF223,1.5년이하(당일),Y,0.01,
CORPAA-2Y,MID,IR,BONDKBPF223,2년이하(당일),Y,0.01,
CORPAA-30M,MID,IR,BONDKBPF223,2.5년이하(당일),Y,0.01,
CORPAA-3Y,MID,IR,BONDKBPF223,3년이하(당일),Y,0.01,
CORPAA-4Y,MID,IR,BONDKBPF223,4년이하(당일),Y,0.01,
CORPAA-5Y,MID,IR,BONDKBPF223,5년이하(당일),Y,0.01,
CORPAA-7Y,MID,IR,BONDKBPF223,7년이하(당일),Y,0.01,
CORPAA-10Y,MID,IR,BONDKBPF223,10년이하(당일),Y,0.01,
CORPAA-15Y,MID,IR,BONDKBPF223,15년이하(당일),Y,0.01,
CORPAA-20Y,MID,IR,BONDKBPF223,20년이하(당일),Y,0.01,
FINAA-3M,MID,IR,BONDKBPE300,3월이하(당일),Y,0.01,
FINAA-6M,MID,IR,BONDKBPE300,6월이하(당일),Y,0.01,
FINAA-9M,MID,IR,BONDKBPE300,9월이하(당일),Y,0.01,
FINAA-1Y,MID,IR,BONDKBPE300,1년이하(당일),Y,0.01,
FINAA-18M,MID,IR,BONDKBPE300,1.5년이하(당일),Y,0.01,
FINAA-2Y,MID,IR,BONDKBPE300,2년이하(당일),Y,0.01,
FINAA-30M,MID,IR,BONDKBPE300,2.5년이하(당일),Y,0.01,
FINAA-3Y,MID,IR,BONDKBPE300,3년이하(당일),Y,0.01,
FINAA-4Y,MID,IR,BONDKBPE300,4년이하(당일),Y,0.01,
USD3L6L3Y,MID,IR,TBAT45USDUSD03Y,MID종가,Y,0.0001,
USD3L6L4Y,MID,IR,TBAT45USDUSD04Y,MID종가,Y,0.0001,
USD3L6L5Y,MID,IR,TBAT45USDUSD05Y,MID종가,Y,0.0001,
USD3L6L6Y,MID,IR,TBAT45USDUSD06Y,MID종가,Y,0.0001,
USD3L6L7Y,MID,IR,TBAT45USDUSD07Y,MID종가,Y,0.0001,
USD3L6L8Y,MID,IR,TBAT45USDUSD08Y,MID종가,Y,0.0001,
USD3L6L9Y,MID,IR,TBAT45USDUSD09Y,MID종가,Y,0.0001,
USD3L6L10Y,MID,IR,TBAT45USDUSD10Y,MID종가,Y,0.0001,
USD3L6L12Y,MID,IR,TBAT45USDUSD12Y,MID종가,Y,0.0001,
USD3L6L15Y,MID,IR,TBAT45USDUSD15Y,MID종가,Y,0.0001,
USD3L6L20Y,MID,IR,TBAT45USDUSD20Y,MID종가,Y,0.0001,
USD3L6L25Y,MID,IR,TBAT45USDUSD25Y,MID종가,Y,0.0001,
USD3L6L30Y,MID,IR,TBAT45USDUSD30Y,MID종가,Y,0.0001,
JPYXUSDON,MID,FX,USDJPYON,"AVG(S_BID_Close,S_ASK_Close)",Y,0.01,
JPYXUSDTN,MID,FX,USDJPYTN,"AVG(S_BID_Close,S_ASK_Close)",Y,0.01,
JPYXUSDSN,MID,FX,USDJPYSN,"AVG(S_BID_Close,S_ASK_Close)",Y,0.01,
JPYXUSD1W,MID,FX,USDJPY01W,"AVG(S_BID_Close,S_ASK_Close)",Y,0.01,
JPYXUSD2W,MID,FX,USDJPY02W,"AVG(S_BID_Close,S_ASK_Close)",Y,0.01,
JPYXUSD3W,MID,FX,USDJPY03W,"AVG(S_BID_Close,S_ASK_Close)",Y,0.01,
JPYXUSD1M,MID,FX,USDJPY01M,"AVG(S_BID_Close,S_ASK_Close)",Y,0.01,
JPYXUSD2M,MID,FX,USDJPY02M,"AVG(S_BID_Close,S_ASK_Close)",Y,0.01,
JPYXUSD3M,MID,FX,USDJPY03M,"AVG(S_BID_Close,S_ASK_Close)",Y,0.01,
JPYXUSD4M,MID,FX,USDJPY04M,"AVG(S_BID_Close,S_ASK_Close)",Y,0.01,
JPYXUSD5M,MID,FX,USDJPY05M,"AVG(S_BID_Close,S_ASK_Close)",Y,0.01,
JPYXUSD6M,MID,FX,USDJPY06M,"AVG(S_BID_Close,S_ASK_Close)",Y,0.01,
JPYXUSD7M,MID,FX,USDJPY07M,"AVG(S_BID_Close,S_ASK_Close)",Y,0.01,
JPYXUSD8M,MID,FX,USDJPY08M,"AVG(S_BID_Close,S_ASK_Close)",Y,0.01,
JPYXUSD9M,MID,FX,USDJPY09M,"AVG(S_BID_Close,S_ASK_Close)",Y,0.01,
JPYXUSD10M,MID,FX,USDJPY10M,"AVG(S_BID_Close,S_ASK_Close)",Y,0.01,
JPYXUSD11M,MID,FX,USDJPY11M,"AVG(S_BID_Close,S_ASK_Close)",Y,0.01,
JPYXUSD12M,MID,FX,USDJPY12M,"AVG(S_BID_Close,S_ASK_Close)",Y,0.01,
FINAA-5Y,MID,IR,BONDKBPE300,5년이하(당일),Y,0.01,
FINAA-7Y,MID,IR,BONDKBPE300,7년이하(당일),Y,0.01,
FINAA-10Y,MID,IR,BONDKBPE300,10년이하(당일),Y,0.01,
FINAA-15Y,MID,IR,BONDKBPE300,15년이하(당일),Y,0.01,
FINAA-20Y,MID,IR,BONDKBPE300,20년이하(당일),Y,0.01,
FINA+3M,MID,IR,BONDKBPE310,3월이하(당일),Y,0.01,
FINA+6M,MID,IR,BONDKBPE310,6월이하(당일),Y,0.01,
FINA+9M,MID,IR,BONDKBPE310,9월이하(당일),Y,0.01,
FINA+1Y,MID,IR,BONDKBPE310,1년이하(당일),Y,0.01,
FINA+18M,MID,IR,BONDKBPE310,1.5년이하(당일),Y,0.01,
FINA+2Y,MID,IR,BONDKBPE310,2년이하(당일),Y,0.01,
FINA+30M,MID,IR,BONDKBPE310,2.5년이하(당일),Y,0.01,
FINA+3Y,MID,IR,BONDKBPE310,3년이하(당일),Y,0.01,
FINA+4Y,MID,IR,BONDKBPE310,4년이하(당일),Y,0.01,
FINA+5Y,MID,IR,BONDKBPE310,5년이하(당일),Y,0.01,
FINA+7Y,MID,IR,BONDKBPE310,7년이하(당일),Y,0.01,
FINA+10Y,MID,IR,BONDKBPE310,10년이하(당일),Y,0.01,
FINA+15Y,MID,IR,BONDKBPE310,15년이하(당일),Y,0.01,
FINA+20Y,MID,IR,BONDKBPE310,20년이하(당일),Y,0.01,
CORPA+3M,MID,IR,BONDKBPF231,3월이하(당일),Y,0.01,
CORPA+6M,MID,IR,BONDKBPF231,6월이하(당일),Y,0.01,
CORPA+9M,MID,IR,BONDKBPF231,9월이하(당일),Y,0.01,
CORPA+1Y,MID,IR,BONDKBPF231,1년이하(당일),Y,0.01,
CORPA+18M,MID,IR,BONDKBPF231,1.5년이하(당일),Y,0.01,
CORPA+2Y,MID,IR,BONDKBPF231,2년이하(당일),Y,0.01,
CORPA+30M,MID,IR,BONDKBPF231,2.5년이하(당일),Y,0.01,
CORPA+3Y,MID,IR,BONDKBPF231,3년이하(당일),Y,0.01,
CORPA+4Y,MID,IR,BONDKBPF231,4년이하(당일),Y,0.01,
CORPA+5Y,MID,IR,BONDKBPF231,5년이하(당일),Y,0.01,
CORPA+7Y,MID,IR,BONDKBPF231,7년이하(당일),Y,0.01,
CORPA+10Y,MID,IR,BONDKBPF231,10년이하(당일),Y,0.01,
CORPA+15Y,MID,IR,BONDKBPF231,15년이하(당일),Y,0.01,
CORPA+20Y,MID,IR,BONDKBPF231,20년이하(당일),Y,0.01,
KRWUSD3FSFR11Y,MID,IR,CRSTC7KRW11Y,MID종가,Y,0.01,
KRWUSD3FSFR30Y,MID,IR,CRSTC7KRW30Y,MID종가,Y,0.01,
USD3L6L2Y,MID,IR,TBAT45USDUSD02Y,MID종가,Y,0.0001,
USDSFR3L3M,MID,IR,CRSTB9USDUSD03M,MID,Y,0.0001,
USDSFR3L6M,MID,IR,CRSTB9USDUSD06M,MID,Y,0.0001,
USDSFR3L9M,MID,IR,CRSTB9USDUSD09M,MID,Y,0.0001,
USDSFR3L1Y,MID,IR,CRSTB9USDUSD01Y,MID,Y,0.0001,
USDSFR3L18M,MID,IR,CRSTB9USDUSD18M,MID,Y,0.0001,
USDSFR3L2Y,MID,IR,CRSTB9USDUSD02Y,MID,Y,0.0001,
USDSFR3L3Y,MID,IR,CRSTB9USDUSD03Y,MID,Y,0.0001,
USDSFR3L4Y,MID,IR,CRSTB9USDUSD04Y,MID,Y,0.0001,
USDSFR3L5Y,MID,IR,CRSTB9USDUSD05Y,MID,Y,0.0001,
USDSFR3L6Y,MID,IR,CRSTB9USDUSD06Y,MID,Y,0.0001,
USDSFR3L7Y,MID,IR,CRSTB9USDUSD07Y,MID,Y,0.0001,
USDSFR3L8Y,MID,IR,CRSTB9USDUSD08Y,MID,Y,0.0001,
USDSFR3L9Y,MID,IR,CRSTB9USDUSD09Y,MID,Y,0.0001,
USDSFR3L10Y,MID,IR,CRSTB9USDUSD10Y,MID,Y,0.0001,
USDSFR3L12Y,MID,IR,CRSTB9USDUSD12Y,MID,Y,0.0001,
USDSFR3L15Y,MID,IR,CRSTB9USDUSD15Y,MID,Y,0.0001,
USDSFR3L20Y,MID,IR,CRSTB9USDUSD20Y,MID,Y,0.0001,
USDSFR3L25Y,MID,IR,CRSTB9USDUSD25Y,MID,Y,0.0001,
USDSFR3L30Y,MID,IR,CRSTB9USDUSD30Y,MID,Y,0.0001,
USDASFR1M,MID,IR,IRSTA6USD01M,MID종가,Y,0.01,
USDASFR2M,MID,IR,IRSTA6USD02M,MID종가,Y,0.01,
USDASFR3M,MID,IR,IRSTA6USD03M,MID종가,Y,0.01,
USDASFR4M,MID,IR,IRSTA6USD04M,MID종가,Y,0.01,
USDASFR5M,MID,IR,IRSTA6USD05M,MID종가,Y,0.01,
USDASFR6M,MID,IR,IRSTA6USD06M,MID종가,Y,0.01,
USDASFR7M,MID,IR,IRSTA6USD07M,MID종가,Y,0.01,
USDASFR8M,MID,IR,IRSTA6USD08M,MID종가,Y,0.01,
USDASFR9M,MID,IR,IRSTA6USD09M,MID종가,Y,0.01,
USDASFR10M,MID,IR,IRSTA6USD10M,MID종가,Y,0.01,
USDASFR11M,MID,IR,IRSTA6USD11M,MID종가,Y,0.01,
USDASFR1Y,MID,IR,IRSTA6USD01Y,MID종가,Y,0.01,
USDASFR13M,MID,IR,IRSTA6USD13M,MID종가,Y,0.01,
USDASFR14M,MID,IR,IRSTA6USD14M,MID종가,Y,0.01,
USDASFR15M,MID,IR,IRSTA6USD15M,MID종가,Y,0.01,
USDASFR16M,MID,IR,IRSTA6USD16M,MID종가,Y,0.01,
USDASFR17M,MID,IR,IRSTA6USD17M,MID종가,Y,0.01,
USDASFR18M,MID,IR,IRSTA6USD18M,MID종가,Y,0.01,
USDASFR19M,MID,IR,IRSTA6USD19M,MID종가,Y,0.01,
USDASFR20M,MID,IR,IRSTA6USD20M,MID종가,Y,0.01,
USDASFR21M,MID,IR,IRSTA6USD21M,MID종가,Y,0.01,
USDASFR22M,MID,IR,IRSTA6USD22M,MID종가,Y,0.01,
USDASFR23M,MID,IR,IRSTA6USD23M,MID종가,Y,0.01,
USDASFR2Y,MID,IR,IRSTA6USD02Y,MID종가,Y,0.01,
USDASFR27M,MID,IR,IRSTA6USD27M,MID종가,Y,0.01,
USDASFR30M,MID,IR,IRSTA6USD30M,MID종가,Y,0.01,
USDASFR33M,MID,IR,IRSTA6USD33M,MID종가,Y,0.01,
USDASFR3Y,MID,IR,IRSTA6USD03Y,MID종가,Y,0.01,
USDASFR42M,MID,IR,IRSTA6USD42M,MID종가,Y,0.01,
USDASFR4Y,MID,IR,IRSTA6USD04Y,MID종가,Y,0.01,
USDASFR54M,MID,IR,IRSTA6USD54M,MID종가,Y,0.01,
USDASFR5Y,MID,IR,IRSTA6USD05Y,MID종가,Y,0.01,
USDASFR6Y,MID,IR,IRSTA6USD06Y,MID종가,Y,0.01,
USDASFR7Y,MID,IR,IRSTA6USD07Y,MID종가,Y,0.01,
USDASFR8Y,MID,IR,IRSTA6USD08Y,MID종가,Y,0.01,
USDASFR9Y,MID,IR,IRSTA6USD09Y,MID종가,Y,0.01,
USDASFR10Y,MID,IR,IRSTA6USD10Y,MID종가,Y,0.01,
USDASFR11Y,MID,IR,IRSTA6USD11Y,MID종가,Y,0.01,
USDASFR12Y,MID,IR,IRSTA6USD12Y,MID종가,Y,0.01,
USDASFR15Y,MID,IR,IRSTA6USD15Y,MID종가,Y,0.01,
USDASFR20Y,MID,IR,IRSTA6USD20Y,MID종가,Y,0.01,
USDASFR25Y,MID,IR,IRSTA6USD25Y,MID종가,Y,0.01,
USDASFR30Y,MID,IR,IRSTA6USD30Y,MID종가,Y,0.01,
USDASFR35Y,MID,IR,IRSTA6USD35Y,MID종가,Y,0.01,
USDASFR40Y,MID,IR,IRSTA6USD40Y,MID종가,Y,0.01,
USDASFR45Y,MID,IR,IRSTA6USD45Y,MID종가,Y,0.01,
USDASFR50Y,MID,IR,IRSTA6USD50Y,MID종가,Y,0.01,
KRWTSY3M,MID,IR,BONDKBPA100,3월이하(당일),Y,0.01,
KRWTSY6M,MID,IR,BONDKBPA100,6월이하(당일),Y,0.01,
KRWTSY9M,MID,IR,BONDKBPA100,9월이하(당일),Y,0.01,
KRWTSY1Y,MID,IR,BONDKBPA100,1년이하(당일),Y,0.01,
KRWTSY18M,MID,IR,BONDKBPA100,1.5년이하(당일),Y,0.01,
KRWTSY2Y,MID,IR,BONDKBPA100,2년이하(당일),Y,0.01,
KRWTSY30M,MID,IR,BONDKBPA100,2.5년이하(당일),Y,0.01,
KRWTSY3Y,MID,IR,BONDKBPA100,3년이하(당일),Y,0.01,
KRWTSY4Y,MID,IR,BONDKBPA100,4년이하(당일),Y,0.01,
KRWTSY5Y,MID,IR,BONDKBPA100,5년이하(당일),Y,0.01,
KRWTSY7Y,MID,IR,BONDKBPA100,7년이하(당일),Y,0.01,
KRWTSY10Y,MID,IR,BONDKBPA100,10년이하(당일),Y,0.01,
KRWTSY15Y,MID,IR,BONDKBPA100,15년이하(당일),Y,0.01,
KRWTSY20Y,MID,IR,BONDKBPA100,20년이하(당일),Y,0.01,
KRWTSY30Y,MID,IR,BONDKBPA100,30년이하(당일),Y,0.01,
MSB3M,MID,IR,BONDKBPD000,3월이하(당일),Y,0.01,
MSB6M,MID,IR,BONDKBPD000,6월이하(당일),Y,0.01,
MSB9M,MID,IR,BONDKBPD000,9월이하(당일),Y,0.01,
MSB1Y,MID,IR,BONDKBPD000,1년이하(당일),Y,0.01,
MSB18M,MID,IR,BONDKBPD000,1.5년이하(당일),Y,0.01,
MSB2Y,MID,IR,BONDKBPD000,2년이하(당일),Y,0.01,
MSB30M,MID,IR,BONDKBPD000,2.5년이하(당일),Y,0.01,
MSB3Y,MID,IR,BONDKBPD000,3년이하(당일),Y,0.01,
MSB4Y,MID,IR,BONDKBPD000,4년이하(당일),Y,0.01,
MSB5Y,MID,IR,BONDKBPD000,5년이하(당일),Y,0.01,
MSB7Y,MID,IR,BONDKBPD000,7년이하(당일),Y,0.01,
MSB10Y,MID,IR,BONDKBPD000,10년이하(당일),Y,0.01,
MSB15Y,MID,IR,BONDKBPD000,15년이하(당일),Y,0.01,
MSB20Y,MID,IR,BONDKBPD000,20년이하(당일),Y,0.01,
BANKKDB3M,MID,IR,BONDKBPE110,3월이하(당일),Y,0.01,
BANKKDB6M,MID,IR,BONDKBPE110,6월이하(당일),Y,0.01,
BANKKDB9M,MID,IR,BONDKBPE110,9월이하(당일),Y,0.01,
BANKKDB1Y,MID,IR,BONDKBPE110,1년이하(당일),Y,0.01,
BANKKDB18M,MID,IR,BONDKBPE110,1.5년이하(당일),Y,0.01,
BANKKDB2Y,MID,IR,BONDKBPE110,2년이하(당일),Y,0.01,
BANKKDB30M,MID,IR,BONDKBPE110,2.5년이하(당일),Y,0.01,
BANKKDB3Y,MID,IR,BONDKBPE110,3년이하(당일),Y,0.01,
BANKKDB4Y,MID,IR,BONDKBPE110,4년이하(당일),Y,0.01,
BANKKDB5Y,MID,IR,BONDKBPE110,5년이하(당일),Y,0.01,
BANKKDB7Y,MID,IR,BONDKBPE110,7년이하(당일),Y,0.01,
BANKKDB10Y,MID,IR,BONDKBPE110,10년이하(당일),Y,0.01,
BANKKDB15Y,MID,IR,BONDKBPE110,15년이하(당일),Y,0.01,
BANKKDB20Y,MID,IR,BONDKBPE110,20년이하(당일),Y,0.01,
KRWUSD3FSFR1Y,MID,IR,CRSTC7KRW01Y,MID종가,Y,0.01,
KRWUSD3FSFR18M,MID,IR,CRSTC7KRW18M,MID종가,Y,0.01,
KRWUSD3FSFR2Y,MID,IR,CRSTC7KRW02Y,MID종가,Y,0.01,
KRWUSD3FSFR3Y,MID,IR,CRSTC7KRW03Y,MID종가,Y,0.01,
KRWUSD3FSFR4Y,MID,IR,CRSTC7KRW04Y,MID종가,Y,0.01,
KRWUSD3FSFR5Y,MID,IR,CRSTC7KRW05Y,MID종가,Y,0.01,
KRWUSD3FSFR6Y,MID,IR,CRSTC7KRW06Y,MID종가,Y,0.01,
KRWUSD3FSFR7Y,MID,IR,CRSTC7KRW07Y,MID종가,Y,0.01,
KRWUSD3FSFR8Y,MID,IR,CRSTC7KRW08Y,MID종가,Y,0.01,
KRWUSD3FSFR9Y,MID,IR,CRSTC7KRW09Y,MID종가,Y,0.01,
KRWUSD3FSFR10Y,MID,IR,CRSTC7KRW10Y,MID종가,Y,0.01,
KRWUSD3FSFR12Y,MID,IR,CRSTC7KRW12Y,MID종가,Y,0.01,
KRWUSD3FSFR15Y,MID,IR,CRSTC7KRW15Y,MID종가,Y,0.01,
KRWUSD3FSFR20Y,MID,IR,CRSTC7KRW20Y,MID종가,Y,0.01,
KRWKOFRON,MID,ECO,785831,현재가,Y,0.01,
KRWKOFRON,BID,ECO,785831,현재가,Y,0.01,
KRWKOFRON,ASK,ECO,785831,현재가,Y,0.01,
KRWCD3M,MID,IR,BONDKSDCAL08,대표수익률,Y,0.01,
KRWCDKBP1D,MID,IR,CDYLDKBP1,1일(적용일),Y,0.01,
KRWCDKBP1W,MID,IR,CDYLDKBP1,1주(적용일),Y,0.01,
KRWCDKBP1M,MID,IR,CDYLDKBP1,1월(적용일),Y,0.01,
KRWCDKBP2M,MID,IR,CDYLDKBP1,2월(적용일),Y,0.01,
KRWCDKBP3M,MID,IR,CDYLDKBP1,3월(적용일),Y,0.01,
KRWCDKBP6M,MID,IR,CDYLDKBP1,6월(적용일),Y,0.01,
KRWCDKBP12M,MID,IR,CDYLDKBP1,1년(적용일),Y,0.01,
JPYUSD3L3L3M,MID,IR,BASTP1JPYUSD03M,MID종가,Y,0.0001,
JPYUSD3L3L6M,MID,IR,BASTP1JPYUSD06M,MID종가,Y,0.0001,
JPYUSD3L3L9M,MID,IR,BASTP1JPYUSD09M,MID종가,Y,0.0001,
JPYUSD3L3L1Y,MID,IR,BASTP1JPYUSD01Y,MID종가,Y,0.0001,
JPYUSD3L3L18M,MID,IR,BASTP1JPYUSD18M,MID종가,Y,0.0001,
JPYUSD3L3L2Y,MID,IR,BASTP1JPYUSD02Y,MID종가,Y,0.0001,
JPYUSD3L3L3Y,MID,IR,BASTP1JPYUSD03Y,MID종가,Y,0.0001,
JPYUSD3L3L4Y,MID,IR,BASTP1JPYUSD04Y,MID종가,Y,0.0001,
JPYUSD3L3L5Y,MID,IR,BASTP1JPYUSD05Y,MID종가,Y,0.0001,
JPYUSD3L3L6Y,MID,IR,BASTP1JPYUSD06Y,MID종가,Y,0.0001,
JPYUSD3L3L7Y,MID,IR,BASTP1JPYUSD07Y,MID종가,Y,0.0001,
JPYUSD3L3L8Y,MID,IR,BASTP1JPYUSD08Y,MID종가,Y,0.0001,
JPYUSD3L3L9Y,MID,IR,BASTP1JPYUSD09Y,MID종가,Y,0.0001,
JPYUSD3L3L10Y,MID,IR,BASTP1JPYUSD10Y,MID종가,Y,0.0001,
JPYUSD3L3L11Y,MID,IR,BASTP1JPYUSD11Y,MID종가,Y,0.0001,
JPYUSD3L3L12Y,MID,IR,BASTP1JPYUSD12Y,MID종가,Y,0.0001,
JPYUSD3L3L15Y,MID,IR,BASTP1JPYUSD15Y,MID종가,Y,0.0001,
JPYUSD3L3L20Y,MID,IR,BASTP1JPYUSD20Y,MID종가,Y,0.0001,
JPYUSD3L3L25Y,MID,IR,BASTP1JPYUSD25Y,MID종가,Y,0.0001,
JPYUSD3L3L30Y,MID,IR,BASTP1JPYUSD30Y,MID종가,Y,0.0001,
JPYUSD3L3L40Y,MID,IR,BASTP1JPYUSD40Y,MID종가,Y,0.0001,
KRWQ3L6M,MID,IR,IRSTP1KRW06M,MID종가,Y,0.01,
KRWQ3L9M,MID,IR,IRSTP1KRW09M,MID종가,Y,0.01,
KRWQ3L1Y,MID,IR,IRSTP1KRW01Y,MID종가,Y,0.01,
KRWQ3L18M,MID,IR,IRSTP1KRW18M,MID종가,Y,0.01,
KRWQ3L2Y,MID,IR,IRSTP1KRW02Y,MID종가,Y,0.01,
KRWQ3L3Y,MID,IR,IRSTP1KRW03Y,MID종가,Y,0.01,
KRWQ3L4Y,MID,IR,IRSTP1KRW04Y,MID종가,Y,0.01,
KRWQ3L5Y,MID,IR,IRSTP1KRW05Y,MID종가,Y,0.01,
KRWQ3L6Y,MID,IR,IRSTP1KRW06Y,MID종가,Y,0.01,
KRWQ3L7Y,MID,IR,IRSTP1KRW07Y,MID종가,Y,0.01,
KRWQ3L8Y,MID,IR,IRSTP1KRW08Y,MID종가,Y,0.01,
KRWQ3L9Y,MID,IR,IRSTP1KRW09Y,MID종가,Y,0.01,
KRWQ3L10Y,MID,IR,IRSTP1KRW10Y,MID종가,Y,0.01,
KRWQ3L11Y,MID,IR,IRSTP1KRW11Y,MID종가,Y,0.01,
KRWQ3L12Y,MID,IR,IRSTP1KRW12Y,MID종가,Y,0.01,
KRWQ3L15Y,MID,IR,IRSTP1KRW15Y,MID종가,Y,0.01,
KRWQ3L20Y,MID,IR,IRSTP1KRW20Y,MID종가,Y,0.01,
KRWQ3L25Y,MID,IR,IRSTP1KRW25Y,MID종가,Y,0.01,
KRWQ3L30Y,MID,IR,IRSTP1KRW30Y,MID종가,Y,0.01,
